Snapshot,Data,Partida,Posição,Jogadores,Vitórias,Derrotas,Win Rate,Último Jogo
1,2026-05-27,#1 Maití / meuqsaco 0-1 arc / Gabe,1,arc / Gabe,1,0,100%,V#1
1,2026-05-27,#1 Maití / meuqsaco 0-1 arc / Gabe,2,Maití / meuqsaco,0,1,0%,D#1
1,2026-05-27,#1 Maití / meuqsaco 0-1 arc / Gabe,3,Chacineiro / Alface / Vikitor,0,0,—,Sem jogos
1,2026-05-27,#1 Maití / meuqsaco 0-1 arc / Gabe,3,Lion Heart / SaNgar,0,0,—,Sem jogos
1,2026-05-27,#1 Maití / meuqsaco 0-1 arc / Gabe,3,Hjax / viperking,0,0,—,Sem jogos
1,2026-05-27,#1 Maití / meuqsaco 0-1 arc / Gabe,3,Showtaro / Vitor,0,0,—,Sem jogos
1,2026-05-27,#1 Maití / meuqsaco 0-1 arc / Gabe,3,Lem / vonMises / Cunha,0,0,—,Sem jogos
1,2026-05-27,#1 Maití / meuqsaco 0-1 arc / Gabe,3,gaules / gbytes,0,0,—,Sem jogos
1,2026-05-27,#1 Maití / meuqsaco 0-1 arc / Gabe,3,Bineto / nigo,0,0,—,Sem jogos
1,2026-05-27,#1 Maití / meuqsaco 0-1 arc / Gabe,3,Infiel / KSxWOS,0,0,—,Sem jogos
1,2026-05-27,#1 Maití / meuqsaco 0-1 arc / Gabe,3,General Winter / Skobadark,0,0,—,Sem jogos
1,2026-05-27,#1 Maití / meuqsaco 0-1 arc / Gabe,3,Major Bruno / Razi,0,0,—,Sem jogos
1,2026-05-27,#1 Maití / meuqsaco 0-1 arc / Gabe,3,Sauronzinho/ Dragoness,0,0,—,Sem jogos
1,2026-05-27,#1 Maití / meuqsaco 0-1 arc / Gabe,3,Alekel / Phobbos,0,0,—,Sem jogos
1,2026-05-27,#1 Maití / meuqsaco 0-1 arc / Gabe,15,Violante / Phayol,0,0,—,Sem jogos
2,2026-05-28,#2 gaules / gbytes 0-1 Lion Heart / SaNgar,1,arc / Gabe,1,0,100%,V#1
2,2026-05-28,#2 gaules / gbytes 0-1 Lion Heart / SaNgar,1,Lion Heart / SaNgar,1,0,100%,V#2
2,2026-05-28,#2 gaules / gbytes 0-1 Lion Heart / SaNgar,3,Maití / meuqsaco,0,1,0%,D#1
2,2026-05-28,#2 gaules / gbytes 0-1 Lion Heart / SaNgar,3,gaules / gbytes,0,1,0%,D#2
2,2026-05-28,#2 gaules / gbytes 0-1 Lion Heart / SaNgar,5,Chacineiro / Alface / Vikitor,0,0,—,Sem jogos
2,2026-05-28,#2 gaules / gbytes 0-1 Lion Heart / SaNgar,5,Hjax / viperking,0,0,—,Sem jogos
2,2026-05-28,#2 gaules / gbytes 0-1 Lion Heart / SaNgar,5,Showtaro / Vitor,0,0,—,Sem jogos
2,2026-05-28,#2 gaules / gbytes 0-1 Lion Heart / SaNgar,5,Lem / vonMises / Cunha,0,0,—,Sem jogos
2,2026-05-28,#2 gaules / gbytes 0-1 Lion Heart / SaNgar,5,Bineto / nigo,0,0,—,Sem jogos
2,2026-05-28,#2 gaules / gbytes 0-1 Lion Heart / SaNgar,5,Infiel / KSxWOS,0,0,—,Sem jogos
2,2026-05-28,#2 gaules / gbytes 0-1 Lion Heart / SaNgar,5,General Winter / Skobadark,0,0,—,Sem jogos
2,2026-05-28,#2 gaules / gbytes 0-1 Lion Heart / SaNgar,5,Major Bruno / Razi,0,0,—,Sem jogos
2,2026-05-28,#2 gaules / gbytes 0-1 Lion Heart / SaNgar,5,Sauronzinho/ Dragoness,0,0,—,Sem jogos
2,2026-05-28,#2 gaules / gbytes 0-1 Lion Heart / SaNgar,5,Alekel / Phobbos,0,0,—,Sem jogos
2,2026-05-28,#2 gaules / gbytes 0-1 Lion Heart / SaNgar,15,Violante / Phayol,0,0,—,Sem jogos
3,2026-05-30,#3 Bineto / nigo 0-1 Hjax / viperking,1,arc / Gabe,1,0,100%,V#1
3,2026-05-30,#3 Bineto / nigo 0-1 Hjax / viperking,1,Lion Heart / SaNgar,1,0,100%,V#2
3,2026-05-30,#3 Bineto / nigo 0-1 Hjax / viperking,1,Hjax / viperking,1,0,100%,V#3
3,2026-05-30,#3 Bineto / nigo 0-1 Hjax / viperking,4,Maití / meuqsaco,0,1,0%,D#1
3,2026-05-30,#3 Bineto / nigo 0-1 Hjax / viperking,4,gaules / gbytes,0,1,0%,D#2
3,2026-05-30,#3 Bineto / nigo 0-1 Hjax / viperking,4,Bineto / nigo,0,1,0%,D#3
3,2026-05-30,#3 Bineto / nigo 0-1 Hjax / viperking,7,Chacineiro / Alface / Vikitor,0,0,—,Sem jogos
3,2026-05-30,#3 Bineto / nigo 0-1 Hjax / viperking,7,Showtaro / Vitor,0,0,—,Sem jogos
3,2026-05-30,#3 Bineto / nigo 0-1 Hjax / viperking,7,Lem / vonMises / Cunha,0,0,—,Sem jogos
3,2026-05-30,#3 Bineto / nigo 0-1 Hjax / viperking,7,Infiel / KSxWOS,0,0,—,Sem jogos
3,2026-05-30,#3 Bineto / nigo 0-1 Hjax / viperking,7,General Winter / Skobadark,0,0,—,Sem jogos
3,2026-05-30,#3 Bineto / nigo 0-1 Hjax / viperking,7,Major Bruno / Razi,0,0,—,Sem jogos
3,2026-05-30,#3 Bineto / nigo 0-1 Hjax / viperking,7,Sauronzinho/ Dragoness,0,0,—,Sem jogos
3,2026-05-30,#3 Bineto / nigo 0-1 Hjax / viperking,7,Alekel / Phobbos,0,0,—,Sem jogos
3,2026-05-30,#3 Bineto / nigo 0-1 Hjax / viperking,15,Violante / Phayol,0,0,—,Sem jogos
4,2026-05-31,#4 Infiel / KSxWOS 0-1 Showtaro / Vitor,1,arc / Gabe,1,0,100%,V#1
4,2026-05-31,#4 Infiel / KSxWOS 0-1 Showtaro / Vitor,1,Lion Heart / SaNgar,1,0,100%,V#2
4,2026-05-31,#4 Infiel / KSxWOS 0-1 Showtaro / Vitor,1,Hjax / viperking,1,0,100%,V#3
4,2026-05-31,#4 Infiel / KSxWOS 0-1 Showtaro / Vitor,1,Showtaro / Vitor,1,0,100%,V#4
4,2026-05-31,#4 Infiel / KSxWOS 0-1 Showtaro / Vitor,5,Maití / meuqsaco,0,1,0%,D#1
4,2026-05-31,#4 Infiel / KSxWOS 0-1 Showtaro / Vitor,5,gaules / gbytes,0,1,0%,D#2
4,2026-05-31,#4 Infiel / KSxWOS 0-1 Showtaro / Vitor,5,Bineto / nigo,0,1,0%,D#3
4,2026-05-31,#4 Infiel / KSxWOS 0-1 Showtaro / Vitor,5,Infiel / KSxWOS,0,1,0%,D#4
4,2026-05-31,#4 Infiel / KSxWOS 0-1 Showtaro / Vitor,9,Chacineiro / Alface / Vikitor,0,0,—,Sem jogos
4,2026-05-31,#4 Infiel / KSxWOS 0-1 Showtaro / Vitor,9,Lem / vonMises / Cunha,0,0,—,Sem jogos
4,2026-05-31,#4 Infiel / KSxWOS 0-1 Showtaro / Vitor,9,General Winter / Skobadark,0,0,—,Sem jogos
4,2026-05-31,#4 Infiel / KSxWOS 0-1 Showtaro / Vitor,9,Major Bruno / Razi,0,0,—,Sem jogos
4,2026-05-31,#4 Infiel / KSxWOS 0-1 Showtaro / Vitor,9,Sauronzinho/ Dragoness,0,0,—,Sem jogos
4,2026-05-31,#4 Infiel / KSxWOS 0-1 Showtaro / Vitor,9,Alekel / Phobbos,0,0,—,Sem jogos
4,2026-05-31,#4 Infiel / KSxWOS 0-1 Showtaro / Vitor,15,Violante / Phayol,0,0,—,Sem jogos
5,2026-06-01,#5 arc / Gabe 0-1 Chacineiro / Alface / Vikitor,1,Chacineiro / Alface / Vikitor,1,0,100%,V#5
5,2026-06-01,#5 arc / Gabe 0-1 Chacineiro / Alface / Vikitor,2,Lion Heart / SaNgar,1,0,100%,V#2
5,2026-06-01,#5 arc / Gabe 0-1 Chacineiro / Alface / Vikitor,2,Hjax / viperking,1,0,100%,V#3
5,2026-06-01,#5 arc / Gabe 0-1 Chacineiro / Alface / Vikitor,2,Showtaro / Vitor,1,0,100%,V#4
5,2026-06-01,#5 arc / Gabe 0-1 Chacineiro / Alface / Vikitor,5,arc / Gabe,1,1,50%,D#5
5,2026-06-01,#5 arc / Gabe 0-1 Chacineiro / Alface / Vikitor,6,Maití / meuqsaco,0,1,0%,D#1
5,2026-06-01,#5 arc / Gabe 0-1 Chacineiro / Alface / Vikitor,6,gaules / gbytes,0,1,0%,D#2
5,2026-06-01,#5 arc / Gabe 0-1 Chacineiro / Alface / Vikitor,6,Bineto / nigo,0,1,0%,D#3
5,2026-06-01,#5 arc / Gabe 0-1 Chacineiro / Alface / Vikitor,6,Infiel / KSxWOS,0,1,0%,D#4
5,2026-06-01,#5 arc / Gabe 0-1 Chacineiro / Alface / Vikitor,10,Lem / vonMises / Cunha,0,0,—,Sem jogos
5,2026-06-01,#5 arc / Gabe 0-1 Chacineiro / Alface / Vikitor,10,General Winter / Skobadark,0,0,—,Sem jogos
5,2026-06-01,#5 arc / Gabe 0-1 Chacineiro / Alface / Vikitor,10,Major Bruno / Razi,0,0,—,Sem jogos
5,2026-06-01,#5 arc / Gabe 0-1 Chacineiro / Alface / Vikitor,10,Sauronzinho/ Dragoness,0,0,—,Sem jogos
5,2026-06-01,#5 arc / Gabe 0-1 Chacineiro / Alface / Vikitor,10,Alekel / Phobbos,0,0,—,Sem jogos
5,2026-06-01,#5 arc / Gabe 0-1 Chacineiro / Alface / Vikitor,15,Violante / Phayol,0,0,—,Sem jogos
6,2026-06-01,#6 General Winter / Skobadark 0-1 Lem / vonMises / Cunha,1,Chacineiro / Alface / Vikitor,1,0,100%,V#5
6,2026-06-01,#6 General Winter / Skobadark 0-1 Lem / vonMises / Cunha,2,Lion Heart / SaNgar,1,0,100%,V#2
6,2026-06-01,#6 General Winter / Skobadark 0-1 Lem / vonMises / Cunha,2,Hjax / viperking,1,0,100%,V#3
6,2026-06-01,#6 General Winter / Skobadark 0-1 Lem / vonMises / Cunha,2,Showtaro / Vitor,1,0,100%,V#4
6,2026-06-01,#6 General Winter / Skobadark 0-1 Lem / vonMises / Cunha,2,Lem / vonMises / Cunha,1,0,100%,V#6
6,2026-06-01,#6 General Winter / Skobadark 0-1 Lem / vonMises / Cunha,6,arc / Gabe,1,1,50%,D#5
6,2026-06-01,#6 General Winter / Skobadark 0-1 Lem / vonMises / Cunha,7,Maití / meuqsaco,0,1,0%,D#1
6,2026-06-01,#6 General Winter / Skobadark 0-1 Lem / vonMises / Cunha,7,gaules / gbytes,0,1,0%,D#2
6,2026-06-01,#6 General Winter / Skobadark 0-1 Lem / vonMises / Cunha,7,Bineto / nigo,0,1,0%,D#3
6,2026-06-01,#6 General Winter / Skobadark 0-1 Lem / vonMises / Cunha,7,Infiel / KSxWOS,0,1,0%,D#4
6,2026-06-01,#6 General Winter / Skobadark 0-1 Lem / vonMises / Cunha,7,General Winter / Skobadark,0,1,0%,D#6
6,2026-06-01,#6 General Winter / Skobadark 0-1 Lem / vonMises / Cunha,12,Major Bruno / Razi,0,0,—,Sem jogos
6,2026-06-01,#6 General Winter / Skobadark 0-1 Lem / vonMises / Cunha,12,Sauronzinho/ Dragoness,0,0,—,Sem jogos
6,2026-06-01,#6 General Winter / Skobadark 0-1 Lem / vonMises / Cunha,12,Alekel / Phobbos,0,0,—,Sem jogos
6,2026-06-01,#6 General Winter / Skobadark 0-1 Lem / vonMises / Cunha,15,Violante / Phayol,0,0,—,Sem jogos
7,2026-06-05,#7 Lion Heart / SaNgar 1-0 Bineto / nigo,1,Chacineiro / Alface / Vikitor,1,0,100%,V#5
7,2026-06-05,#7 Lion Heart / SaNgar 1-0 Bineto / nigo,2,Lion Heart / SaNgar,2,0,100%,V#7
7,2026-06-05,#7 Lion Heart / SaNgar 1-0 Bineto / nigo,3,Hjax / viperking,1,0,100%,V#3
7,2026-06-05,#7 Lion Heart / SaNgar 1-0 Bineto / nigo,3,Showtaro / Vitor,1,0,100%,V#4
7,2026-06-05,#7 Lion Heart / SaNgar 1-0 Bineto / nigo,3,Lem / vonMises / Cunha,1,0,100%,V#6
7,2026-06-05,#7 Lion Heart / SaNgar 1-0 Bineto / nigo,6,arc / Gabe,1,1,50%,D#5
7,2026-06-05,#7 Lion Heart / SaNgar 1-0 Bineto / nigo,7,Maití / meuqsaco,0,1,0%,D#1
7,2026-06-05,#7 Lion Heart / SaNgar 1-0 Bineto / nigo,7,gaules / gbytes,0,1,0%,D#2
7,2026-06-05,#7 Lion Heart / SaNgar 1-0 Bineto / nigo,7,Infiel / KSxWOS,0,1,0%,D#4
7,2026-06-05,#7 Lion Heart / SaNgar 1-0 Bineto / nigo,7,General Winter / Skobadark,0,1,0%,D#6
7,2026-06-05,#7 Lion Heart / SaNgar 1-0 Bineto / nigo,7,Bineto / nigo,0,2,0%,D#7
7,2026-06-05,#7 Lion Heart / SaNgar 1-0 Bineto / nigo,12,Major Bruno / Razi,0,0,—,Sem jogos
7,2026-06-05,#7 Lion Heart / SaNgar 1-0 Bineto / nigo,12,Sauronzinho/ Dragoness,0,0,—,Sem jogos
7,2026-06-05,#7 Lion Heart / SaNgar 1-0 Bineto / nigo,12,Alekel / Phobbos,0,0,—,Sem jogos
7,2026-06-05,#7 Lion Heart / SaNgar 1-0 Bineto / nigo,15,Violante / Phayol,0,0,—,Sem jogos
8,2026-06-06,#8 Chacineiro / Alface / Vikitor 0-1 Showtaro / Vitor,1,Showtaro / Vitor,2,0,100%,V#8
8,2026-06-06,#8 Chacineiro / Alface / Vikitor 0-1 Showtaro / Vitor,2,Lion Heart / SaNgar,2,0,100%,V#7
8,2026-06-06,#8 Chacineiro / Alface / Vikitor 0-1 Showtaro / Vitor,3,Hjax / viperking,1,0,100%,V#3
8,2026-06-06,#8 Chacineiro / Alface / Vikitor 0-1 Showtaro / Vitor,3,Lem / vonMises / Cunha,1,0,100%,V#6
8,2026-06-06,#8 Chacineiro / Alface / Vikitor 0-1 Showtaro / Vitor,3,Chacineiro / Alface / Vikitor,1,1,50%,D#8
8,2026-06-06,#8 Chacineiro / Alface / Vikitor 0-1 Showtaro / Vitor,6,arc / Gabe,1,1,50%,D#5
8,2026-06-06,#8 Chacineiro / Alface / Vikitor 0-1 Showtaro / Vitor,7,Maití / meuqsaco,0,1,0%,D#1
8,2026-06-06,#8 Chacineiro / Alface / Vikitor 0-1 Showtaro / Vitor,7,gaules / gbytes,0,1,0%,D#2
8,2026-06-06,#8 Chacineiro / Alface / Vikitor 0-1 Showtaro / Vitor,7,Infiel / KSxWOS,0,1,0%,D#4
8,2026-06-06,#8 Chacineiro / Alface / Vikitor 0-1 Showtaro / Vitor,7,General Winter / Skobadark,0,1,0%,D#6
8,2026-06-06,#8 Chacineiro / Alface / Vikitor 0-1 Showtaro / Vitor,7,Bineto / nigo,0,2,0%,D#7
8,2026-06-06,#8 Chacineiro / Alface / Vikitor 0-1 Showtaro / Vitor,12,Major Bruno / Razi,0,0,—,Sem jogos
8,2026-06-06,#8 Chacineiro / Alface / Vikitor 0-1 Showtaro / Vitor,12,Sauronzinho/ Dragoness,0,0,—,Sem jogos
8,2026-06-06,#8 Chacineiro / Alface / Vikitor 0-1 Showtaro / Vitor,12,Alekel / Phobbos,0,0,—,Sem jogos
8,2026-06-06,#8 Chacineiro / Alface / Vikitor 0-1 Showtaro / Vitor,15,Violante / Phayol,0,0,—,Sem jogos
9,2026-06-06,#9 arc / Gabe 1-0 gaules / gbytes,1,Showtaro / Vitor,2,0,100%,V#8
9,2026-06-06,#9 arc / Gabe 1-0 gaules / gbytes,2,Lion Heart / SaNgar,2,0,100%,V#7
9,2026-06-06,#9 arc / Gabe 1-0 gaules / gbytes,3,Hjax / viperking,1,0,100%,V#3
9,2026-06-06,#9 arc / Gabe 1-0 gaules / gbytes,3,Lem / vonMises / Cunha,1,0,100%,V#6
9,2026-06-06,#9 arc / Gabe 1-0 gaules / gbytes,3,Chacineiro / Alface / Vikitor,1,1,50%,D#8
9,2026-06-06,#9 arc / Gabe 1-0 gaules / gbytes,6,arc / Gabe,2,1,67%,V#9
9,2026-06-06,#9 arc / Gabe 1-0 gaules / gbytes,7,Maití / meuqsaco,0,1,0%,D#1
9,2026-06-06,#9 arc / Gabe 1-0 gaules / gbytes,7,Infiel / KSxWOS,0,1,0%,D#4
9,2026-06-06,#9 arc / Gabe 1-0 gaules / gbytes,7,General Winter / Skobadark,0,1,0%,D#6
9,2026-06-06,#9 arc / Gabe 1-0 gaules / gbytes,7,Bineto / nigo,0,2,0%,D#7
9,2026-06-06,#9 arc / Gabe 1-0 gaules / gbytes,7,gaules / gbytes,0,2,0%,D#9
9,2026-06-06,#9 arc / Gabe 1-0 gaules / gbytes,12,Major Bruno / Razi,0,0,—,Sem jogos
9,2026-06-06,#9 arc / Gabe 1-0 gaules / gbytes,12,Sauronzinho/ Dragoness,0,0,—,Sem jogos
9,2026-06-06,#9 arc / Gabe 1-0 gaules / gbytes,12,Alekel / Phobbos,0,0,—,Sem jogos
9,2026-06-06,#9 arc / Gabe 1-0 gaules / gbytes,15,Violante / Phayol,0,0,—,Sem jogos
10,2026-06-07,#10 Lem / vonMises / Cunha 0-1 Hjax / viperking,1,Showtaro / Vitor,2,0,100%,V#8
10,2026-06-07,#10 Lem / vonMises / Cunha 0-1 Hjax / viperking,2,Lion Heart / SaNgar,2,0,100%,V#7
10,2026-06-07,#10 Lem / vonMises / Cunha 0-1 Hjax / viperking,2,Hjax / viperking,2,0,100%,V#10
10,2026-06-07,#10 Lem / vonMises / Cunha 0-1 Hjax / viperking,4,Chacineiro / Alface / Vikitor,1,1,50%,D#8
10,2026-06-07,#10 Lem / vonMises / Cunha 0-1 Hjax / viperking,5,Lem / vonMises / Cunha,1,1,50%,D#10
10,2026-06-07,#10 Lem / vonMises / Cunha 0-1 Hjax / viperking,6,arc / Gabe,2,1,67%,V#9
10,2026-06-07,#10 Lem / vonMises / Cunha 0-1 Hjax / viperking,7,Maití / meuqsaco,0,1,0%,D#1
10,2026-06-07,#10 Lem / vonMises / Cunha 0-1 Hjax / viperking,7,Infiel / KSxWOS,0,1,0%,D#4
10,2026-06-07,#10 Lem / vonMises / Cunha 0-1 Hjax / viperking,7,General Winter / Skobadark,0,1,0%,D#6
10,2026-06-07,#10 Lem / vonMises / Cunha 0-1 Hjax / viperking,7,Bineto / nigo,0,2,0%,D#7
10,2026-06-07,#10 Lem / vonMises / Cunha 0-1 Hjax / viperking,7,gaules / gbytes,0,2,0%,D#9
10,2026-06-07,#10 Lem / vonMises / Cunha 0-1 Hjax / viperking,12,Major Bruno / Razi,0,0,—,Sem jogos
10,2026-06-07,#10 Lem / vonMises / Cunha 0-1 Hjax / viperking,12,Sauronzinho/ Dragoness,0,0,—,Sem jogos
10,2026-06-07,#10 Lem / vonMises / Cunha 0-1 Hjax / viperking,12,Alekel / Phobbos,0,0,—,Sem jogos
10,2026-06-07,#10 Lem / vonMises / Cunha 0-1 Hjax / viperking,15,Violante / Phayol,0,0,—,Sem jogos
11,2026-06-08,#11 Major Bruno / Razi 0-1 Sauronzinho/ Dragoness,1,Showtaro / Vitor,2,0,100%,V#8
11,2026-06-08,#11 Major Bruno / Razi 0-1 Sauronzinho/ Dragoness,2,Lion Heart / SaNgar,2,0,100%,V#7
11,2026-06-08,#11 Major Bruno / Razi 0-1 Sauronzinho/ Dragoness,2,Hjax / viperking,2,0,100%,V#10
11,2026-06-08,#11 Major Bruno / Razi 0-1 Sauronzinho/ Dragoness,4,Chacineiro / Alface / Vikitor,1,1,50%,D#8
11,2026-06-08,#11 Major Bruno / Razi 0-1 Sauronzinho/ Dragoness,5,Lem / vonMises / Cunha,1,1,50%,D#10
11,2026-06-08,#11 Major Bruno / Razi 0-1 Sauronzinho/ Dragoness,6,arc / Gabe,2,1,67%,V#9
11,2026-06-08,#11 Major Bruno / Razi 0-1 Sauronzinho/ Dragoness,7,Maití / meuqsaco,0,1,0%,D#1
11,2026-06-08,#11 Major Bruno / Razi 0-1 Sauronzinho/ Dragoness,7,Infiel / KSxWOS,0,1,0%,D#4
11,2026-06-08,#11 Major Bruno / Razi 0-1 Sauronzinho/ Dragoness,7,General Winter / Skobadark,0,1,0%,D#6
11,2026-06-08,#11 Major Bruno / Razi 0-1 Sauronzinho/ Dragoness,7,Bineto / nigo,0,2,0%,D#7
11,2026-06-08,#11 Major Bruno / Razi 0-1 Sauronzinho/ Dragoness,7,gaules / gbytes,0,2,0%,D#9
11,2026-06-08,#11 Major Bruno / Razi 0-1 Sauronzinho/ Dragoness,12,Sauronzinho/ Dragoness,1,0,100%,V#11
11,2026-06-08,#11 Major Bruno / Razi 0-1 Sauronzinho/ Dragoness,13,Major Bruno / Razi,0,1,0%,D#11
11,2026-06-08,#11 Major Bruno / Razi 0-1 Sauronzinho/ Dragoness,14,Alekel / Phobbos,0,0,—,Sem jogos
11,2026-06-08,#11 Major Bruno / Razi 0-1 Sauronzinho/ Dragoness,15,Violante / Phayol,0,0,—,Sem jogos
12,2026-06-10,#12 General Winter / Skobadark 1-0 Sauronzinho/ Dragoness,1,Showtaro / Vitor,2,0,100%,V#8
12,2026-06-10,#12 General Winter / Skobadark 1-0 Sauronzinho/ Dragoness,2,Lion Heart / SaNgar,2,0,100%,V#7
12,2026-06-10,#12 General Winter / Skobadark 1-0 Sauronzinho/ Dragoness,2,Hjax / viperking,2,0,100%,V#10
12,2026-06-10,#12 General Winter / Skobadark 1-0 Sauronzinho/ Dragoness,4,Chacineiro / Alface / Vikitor,1,1,50%,D#8
12,2026-06-10,#12 General Winter / Skobadark 1-0 Sauronzinho/ Dragoness,5,Lem / vonMises / Cunha,1,1,50%,D#10
12,2026-06-10,#12 General Winter / Skobadark 1-0 Sauronzinho/ Dragoness,6,arc / Gabe,2,1,67%,V#9
12,2026-06-10,#12 General Winter / Skobadark 1-0 Sauronzinho/ Dragoness,7,General Winter / Skobadark,1,1,50%,V#12
12,2026-06-10,#12 General Winter / Skobadark 1-0 Sauronzinho/ Dragoness,8,Maití / meuqsaco,0,1,0%,D#1
12,2026-06-10,#12 General Winter / Skobadark 1-0 Sauronzinho/ Dragoness,8,Infiel / KSxWOS,0,1,0%,D#4
12,2026-06-10,#12 General Winter / Skobadark 1-0 Sauronzinho/ Dragoness,8,Bineto / nigo,0,2,0%,D#7
12,2026-06-10,#12 General Winter / Skobadark 1-0 Sauronzinho/ Dragoness,8,gaules / gbytes,0,2,0%,D#9
12,2026-06-10,#12 General Winter / Skobadark 1-0 Sauronzinho/ Dragoness,12,Sauronzinho/ Dragoness,1,1,50%,D#12
12,2026-06-10,#12 General Winter / Skobadark 1-0 Sauronzinho/ Dragoness,13,Major Bruno / Razi,0,1,0%,D#11
12,2026-06-10,#12 General Winter / Skobadark 1-0 Sauronzinho/ Dragoness,14,Alekel / Phobbos,0,0,—,Sem jogos
12,2026-06-10,#12 General Winter / Skobadark 1-0 Sauronzinho/ Dragoness,15,Violante / Phayol,0,0,—,Sem jogos
13,2026-06-11,#13 Lem / vonMises / Cunha 1-0 arc / Gabe,1,Showtaro / Vitor,2,0,100%,V#8
13,2026-06-11,#13 Lem / vonMises / Cunha 1-0 arc / Gabe,2,Lion Heart / SaNgar,2,0,100%,V#7
13,2026-06-11,#13 Lem / vonMises / Cunha 1-0 arc / Gabe,2,Hjax / viperking,2,0,100%,V#10
13,2026-06-11,#13 Lem / vonMises / Cunha 1-0 arc / Gabe,4,Chacineiro / Alface / Vikitor,1,1,50%,D#8
13,2026-06-11,#13 Lem / vonMises / Cunha 1-0 arc / Gabe,5,Lem / vonMises / Cunha,2,1,67%,V#13
13,2026-06-11,#13 Lem / vonMises / Cunha 1-0 arc / Gabe,6,arc / Gabe,2,2,50%,D#13
13,2026-06-11,#13 Lem / vonMises / Cunha 1-0 arc / Gabe,7,General Winter / Skobadark,1,1,50%,V#12
13,2026-06-11,#13 Lem / vonMises / Cunha 1-0 arc / Gabe,8,Maití / meuqsaco,0,1,0%,D#1
13,2026-06-11,#13 Lem / vonMises / Cunha 1-0 arc / Gabe,8,Infiel / KSxWOS,0,1,0%,D#4
13,2026-06-11,#13 Lem / vonMises / Cunha 1-0 arc / Gabe,8,Bineto / nigo,0,2,0%,D#7
13,2026-06-11,#13 Lem / vonMises / Cunha 1-0 arc / Gabe,8,gaules / gbytes,0,2,0%,D#9
13,2026-06-11,#13 Lem / vonMises / Cunha 1-0 arc / Gabe,12,Sauronzinho/ Dragoness,1,1,50%,D#12
13,2026-06-11,#13 Lem / vonMises / Cunha 1-0 arc / Gabe,13,Major Bruno / Razi,0,1,0%,D#11
13,2026-06-11,#13 Lem / vonMises / Cunha 1-0 arc / Gabe,14,Alekel / Phobbos,0,0,—,Sem jogos
13,2026-06-11,#13 Lem / vonMises / Cunha 1-0 arc / Gabe,15,Violante / Phayol,0,0,—,Sem jogos
